cd_mun,municipio,nm_mun_y,uf,nm_uf,regional,faixa_populacional,populacao,area_km2,n_meses_com_registro,cvli_total,furto_total,roubo_total,densidade_cvli_100milhab,densidade_furto_100milhab,densidade_roubo_100milhab
1500107,Abaetetuba,Abaetetuba,PA,Pará,TOCANTINS,de 100 mil a 200 mil,158188,1610.646,12,13,949,435,8.218069638657798,599.9190836220193,274.9892532935494
1500131,Abel Figueiredo,Abel Figueiredo,PA,Pará,CARAJAS,Até 20 mil,7484,614.131,12,1,45,7,13.36183858898984,601.2827365045431,93.53287012292891
1500206,Acará,Acará,PA,Pará,TOCANTINS,de 41 mil a 100 mil,57371,4344.387,12,19,403,91,33.11777727423263,702.4454863955657,158.6167227344826
1500305,Afuá,Afuá,PA,Pará,MARAJO OCIDENTAL,de 21 mil a 40 mil,37765,8338.438,12,3,195,12,7.943863365550112,516.3511187607573,31.77545346220045
1500404,Alenquer,Alenquer,PA,Pará,BAIXO AMAZONAS,de 41 mil a 100 mil,53062,23644.385,12,10,339,52,18.84587840639252,638.8752779767066,97.99856771324112
1500503,Almeirim,Almeirim,PA,Pará,BAIXO AMAZONAS,de 21 mil a 40 mil,34280,72968.578,12,15,271,15,43.75729288214703,790.5484247374562,43.75729288214703
1500602,Altamira,Altamira,PA,Pará,XINGU,de 100 mil a 200 mil,126279,159533.306,12,56,1335,215,44.34624917840654,1057.182904520942,170.2579209528108
1500701,Anajás,Anajás,PA,Pará,MARAJO OCIDENTAL,de 21 mil a 40 mil,28012,6913.64,12,9,243,28,32.12908753391404,867.4853634156789,99.95716121662146
1500800,Ananindeua,Ananindeua,PA,Pará,METROPOLITANA,Acima de 200 mil,478778,190.59,12,75,5662,4771,15.66488017410992,1182.594020610805,996.4952441423791
1500859,Anapu,Anapu,PA,Pará,XINGU,de 21 mil a 40 mil,31846,11895.27,12,30,259,24,94.20335363938956,813.2889530867299,75.36268291151165
1500909,Augusto Corrêa,Augusto Corrêa,PA,Pará,CAETE,de 41 mil a 100 mil,44573,1099.58,12,6,247,39,13.46106387274808,554.1471294281291,87.4969151728625
1500958,Aurora do Pará,Aurora do Pará,PA,Pará,CAPIM,de 21 mil a 40 mil,29323,1811.84,12,3,76,19,10.23087678614057,259.1822119155612,64.7955529788903
1501006,Aveiro,Aveiro,PA,Pará,TAPAJOS,Até 20 mil,15021,17074.053,12,2,41,2,13.31469276346448,272.9512016510219,13.31469276346448
1501105,Bagre,Bagre,PA,Pará,MARAJO OCIDENTAL,de 21 mil a 40 mil,33325,4397.321,12,2,391,11,6.001500375093773,1173.293323330833,33.00825206301575
1501204,Baião,Baião,PA,Pará,TOCANTINS,de 41 mil a 100 mil,51641,3760.0,12,5,212,21,9.682229236459403,410.5265196258786,40.66536279312949
1501253,Bannach,Bannach,PA,Pará,ALTO XINGU,Até 20 mil,4031,2956.649,6,3,5,1,74.42322004465393,124.0387000744232,24.80774001488464
1501303,Barcarena,Barcarena,PA,Pará,TOCANTINS,de 100 mil a 200 mil,126650,1310.338,12,25,1080,532,19.73943939992104,852.743782076589,420.0552704303198
1501451,Belterra,Belterra,PA,Pará,BAIXO AMAZONAS,Até 20 mil,18442,4398.418,12,4,129,9,21.68962151610454,699.4902938943716,48.80164841123522
1501402,Belém,Belém,PA,Pará,CAPITAL,Acima de 200 mil,1303389,1059.458,12,175,27705,13785,13.42653651365786,2125.612537776519,1057.627461947277
1501501,Benevides,Benevides,PA,Pará,METROPOLITANA,de 41 mil a 100 mil,63567,187.826,12,10,675,292,15.7314329762298,1061.871725895512,459.3578429059103
1501576,Bom Jesus do Tocantins,Bom Jesus do Tocantins,PA,Pará,CARAJAS,Até 20 mil,15215,2816.604,12,4,145,9,26.28984554715741,953.0069010844562,59.15215248110417
1501600,Bonito,Bonito,PA,Pará,CAETE,Até 20 mil,14281,586.977,12,5,86,8,35.01155381275821,602.1987255794412,56.01848610041314
1501709,Bragança,Bragança,PA,Pará,CAETE,de 100 mil a 200 mil,123082,2124.735,12,19,1231,334,15.43686322939179,1000.146243967436,271.3638062429925
1501725,Brasil Novo,Brasil Novo,PA,Pará,XINGU,Até 20 mil,17935,6362.575,12,10,130,17,55.75689991636465,724.8396989127405,94.7867298578199
1501758,Brejo Grande do Araguaia,Brejo Grande do Araguaia,PA,Pará,CARAJAS,Até 20 mil,8243,1288.473,10,5,30,4,60.65752759917505,363.9451655950503,48.52602207934004
1501782,Breu Branco,Breu Branco,PA,Pará,LAGO DE TUCURUI,de 41 mil a 100 mil,52493,3941.736,12,16,289,28,30.48025451012516,550.5495970891357,53.34044539271903
1501808,Breves,Breves,PA,Pará,MARAJO OCIDENTAL,de 100 mil a 200 mil,106968,9566.499,12,9,974,98,8.413731209333632,910.5526886545508,91.61618427941066
1501907,Bujaru,Bujaru,PA,Pará,GUAMA,de 21 mil a 40 mil,23635,994.662,12,4,118,23,16.92405331076793,499.2595726676539,97.31330653691559
1502004,Cachoeira do Arari,Cachoeira do Arari,PA,Pará,MARAJO ORIENTAL,de 21 mil a 40 mil,23981,3100.261,12,2,198,5,8.339935782494475,825.6536424669531,20.84983945623619
1501956,Cachoeira do Piriá,Cachoeira do Piriá,PA,Pará,CAETE,Até 20 mil,19630,2419.6,12,9,38,7,45.84819154355579,193.5812531839022,35.65970453387672
1502103,Cametá,Cametá,PA,Pará,TOCANTINS,de 100 mil a 200 mil,134184,3082.19,12,1,876,177,0.7452453347642044,652.834913253443,131.9084242532642
1502152,Canaã dos Carajás,Canaã dos Carajás,PA,Pará,CARAJAS,de 41 mil a 100 mil,77079,3146.749,12,18,982,207,38.9211069162807,1716.420815007979,330.8294087883859
1502202,Capanema,Capanema,PA,Pará,CAETE,de 41 mil a 100 mil,70321,621.483,12,32,595,104,45.50560998848139,846.119935723326,147.8932324625645
1502301,Capitão Poço,Capitão Poço,PA,Pará,CAETE,de 41 mil a 100 mil,54511,2901.026,12,14,163,54,25.68288969198877,299.0222156995836,99.0625745262424
1502400,Castanhal,Castanhal,PA,Pará,GUAMA,de 100 mil a 200 mil,192262,1029.3,12,30,2037,1060,15.60370744088795,1059.491735236292,551.3309962447078
1502509,Chaves,Chaves,PA,Pará,MARAJO OCIDENTAL,Até 20 mil,20757,12534.995,11,4,45,0,19.27060750590163,216.7943344413933,0.0
1502608,Colares,Colares,PA,Pará,GUAMA,Até 20 mil,12868,384.068,12,0,60,2,0.0,466.2729250854833,15.54243083618278
1502707,Conceição do Araguaia,Conceição do Araguaia,PA,Pará,ARAGUAIA,de 41 mil a 100 mil,47397,5829.482,12,15,376,50,31.64757263117919,793.2991539548916,105.4919087705973
1502756,Concórdia do Pará,Concórdia do Pará,PA,Pará,GUAMA,de 21 mil a 40 mil,32734,700.614,12,15,346,88,45.82391397323884,1057.004948982709,268.8336286430011
1502764,Cumaru do Norte,Cumaru do Norte,PA,Pará,ARAGUAIA,Até 20 mil,14044,17085.001,12,8,41,8,56.96382796923954,291.9396183423526,56.96382796923954
1502772,Curionópolis,Curionópolis,PA,Pará,CARAJAS,Até 20 mil,20126,2369.096,11,7,114,8,74.53045811388255,705.555003478088,44.71827486832952
1502806,Curralinho,Curralinho,PA,Pará,MARAJO OCIDENTAL,de 21 mil a 40 mil,33903,3617.35,12,4,334,54,11.7983659263192,985.1635548476536,159.2779400053093
1502855,Curuá,Curuá,PA,Pará,BAIXO AMAZONAS,Até 20 mil,13911,1431.351,12,6,89,9,43.13133491481562,639.7814679030982,64.69700237222342
1502905,Curuçá,Curuçá,PA,Pará,GUAMA,de 41 mil a 100 mil,41262,676.322,12,12,309,26,29.08244874218409,748.8730551112404,63.0119722747322
1502939,Dom Eliseu,Dom Eliseu,PA,Pará,CAPIM,de 41 mil a 100 mil,59335,5268.809,12,26,262,50,43.8189938484874,441.560630319373,84.26729586247578
1502954,Eldorado do Carajás,Eldorado do Carajás,PA,Pará,CARAJAS,de 21 mil a 40 mil,28149,2956.691,12,12,96,26,56.84038509360902,461.8281288855732,99.47067391381577
1503002,Faro,Faro,PA,Pará,BAIXO AMAZONAS,Até 20 mil,8169,11771.669,12,2,75,5,24.48280083241523,918.1050312155711,61.20700208103807
1503044,Floresta do Araguaia,Floresta do Araguaia,PA,Pará,ARAGUAIA,Até 20 mil,18175,3444.285,12,5,81,5,27.51031636863824,445.6671251719395,27.51031636863824
1503077,Garrafão do Norte,Garrafão do Norte,PA,Pará,CAETE,de 21 mil a 40 mil,25138,1608.014,12,10,67,11,39.78041212506962,266.5287612379664,43.75845333757658
1503093,Goianésia do Pará,Goianésia do Pará,PA,Pará,LAGO DE TUCURUI,de 21 mil a 40 mil,40522,7023.932,12,8,144,9,19.74236217363407,355.3625191254134,22.21015744533834
1503101,Gurupá,Gurupá,PA,Pará,MARAJO OCIDENTAL,de 21 mil a 40 mil,31545,8569.676,12,3,151,11,9.51022349025202,478.6812490093517,34.87081946425742
1503200,Igarapé-Açu,Igarapé-Açu,PA,Pará,GUAMA,de 21 mil a 40 mil,35795,785.983,12,5,266,72,13.96843134515994,743.1205475625088,201.1454113703031
1503309,Igarapé-Miri,Igarapé-Miri,PA,Pará,TOCANTINS,de 41 mil a 100 mil,62848,1996.798,12,9,235,197,14.32026476578411,373.9180244399186,313.4546843177189
1503408,Inhangapi,Inhangapi,PA,Pará,GUAMA,Até 20 mil,11411,472.605,12,1,68,10,8.763473841030585,595.9162211900798,87.63473841030584
1503457,Ipixuna do Pará,Ipixuna do Pará,PA,Pará,CAPIM,de 21 mil a 40 mil,28468,5215.555,12,14,179,60,49.17802444850359,628.7761697344387,210.7629619221582
1503507,Irituia,Irituia,PA,Pará,GUAMA,de 21 mil a 40 mil,31066,1385.209,12,3,152,25,9.656859589261572,489.2808858559196,80.4738299105131
1503606,Itaituba,Itaituba,PA,Pará,TAPAJOS,de 100 mil a 200 mil,123314,62042.472,12,45,1435,275,36.49220688648491,1163.695930713463,223.0079309729633
1503705,Itupiranga,Itupiranga,PA,Pará,CARAJAS,de 41 mil a 100 mil,49349,7880.296,12,22,252,41,44.58043729356218,510.6486453626213,83.08172404709316
1503754,Jacareacanga,Jacareacanga,PA,Pará,TAPAJOS,de 21 mil a 40 mil,24334,53304.563,12,5,84,8,20.54738226349963,345.1960220267938,32.87581162159941
1503804,Jacundá,Jacundá,PA,Pará,LAGO DE TUCURUI,de 41 mil a 100 mil,54105,2008.333,12,10,221,35,18.48258016819148,408.4650217170317,64.68903058867018
1503903,Juruti,Juruti,PA,Pará,BAIXO AMAZONAS,de 41 mil a 100 mil,51350,8306.24,12,8,589,45,15.57935735150925,1147.030185004868,87.63388510223953
1504000,Limoeiro do Ajuru,Limoeiro do Ajuru,PA,Pará,TOCANTINS,de 21 mil a 40 mil,28981,1489.356,12,1,154,12,3.450536558434837,531.3826299989648,41.40643870121804
1504109,Magalhães Barata,Magalhães Barata,PA,Pará,GUAMA,Até 20 mil,8115,323.984,11,0,45,6,0.0,554.52865064695,73.93715341959334
1504208,Marabá,Marabá,PA,Pará,CARAJAS,Acima de 200 mil,266536,15127.872,12,98,2833,807,36.76801632800072,1062.895818951286,302.7733589458835
1504307,Maracanã,Maracanã,PA,Pará,GUAMA,de 21 mil a 40 mil,28064,807.628,12,1,155,26,3.563283922462942,552.309007981756,92.64538198403649
1504406,Marapanim,Marapanim,PA,Pará,GUAMA,de 21 mil a 40 mil,27245,804.625,12,1,276,25,3.670398238208846,1013.029913745641,91.75995595522114
1504422,Marituba,Marituba,PA,Pará,METROPOLITANA,de 100 mil a 200 mil,110515,103.214,12,29,1258,839,26.24078179432656,1138.307017146994,759.1729629462064
1504455,Medicilândia,Medicilândia,PA,Pará,XINGU,de 21 mil a 40 mil,30687,8272.629,12,15,206,14,48.88063349301007,671.2940333040049,45.62192459347606
1504505,Melgaço,Melgaço,PA,Pará,MARAJO OCIDENTAL,de 21 mil a 40 mil,27876,6772.764,12,1,183,7,3.587315253264457,656.4786913473956,25.1112067728512
1504604,Mocajuba,Mocajuba,PA,Pará,TOCANTINS,de 21 mil a 40 mil,30228,871.168,12,11,174,39,36.3901018922853,575.625248114331,129.019452163557
1504703,Moju,Moju,PA,Pará,TOCANTINS,de 41 mil a 100 mil,83182,9094.139,12,20,341,155,24.04366329253925,409.9444591377942,186.3383905171792
1504752,Mojuí dos Campos,Mojuí dos Campos,PA,Pará,BAIXO AMAZONAS,Até 20 mil,16216,4988.236,12,6,70,8,37.00049333991119,431.672422298964,49.3339911198816
1504802,Monte Alegre,Monte Alegre,PA,Pará,BAIXO AMAZONAS,de 41 mil a 100 mil,55445,18151.323,12,7,450,15,12.62512399675354,811.6151140770132,27.05383713590044
1504901,Muaná,Muaná,PA,Pará,MARAJO ORIENTAL,de 21 mil a 40 mil,37456,3763.343,12,4,370,18,10.67919692439129,987.8257155061939,48.05638615976078
1504059,Mãe do Rio,Mãe do Rio,PA,Pará,CAPIM,de 21 mil a 40 mil,31910,469.341,12,8,201,42,25.07051081165779,629.8965841429019,131.6201817612034
1504950,Nova Esperança do Piriá,Nova Esperança do Piriá,PA,Pará,CAETE,Até 20 mil,20325,2808.195,12,10,65,11,49.20049200492004,319.8031980319803,54.12054120541205
1504976,Nova Ipixuna,Nova Ipixuna,PA,Pará,CARAJAS,Até 20 mil,14659,1564.184,12,1,84,6,6.821747731768879,573.0268094685858,40.93048639061328
1505007,Nova Timboteua,Nova Timboteua,PA,Pará,CAETE,Até 20 mil,14281,489.852,12,5,61,8,35.01155381275821,427.1409565156502,56.01848610041314
1505031,Novo Progresso,Novo Progresso,PA,Pará,TAPAJOS,de 21 mil a 40 mil,33638,38162.003,12,31,317,34,92.15767881562519,942.3865865984899,101.0761638622986
1505064,Novo Repartimento,Novo Repartimento,PA,Pará,LAGO DE TUCURUI,de 41 mil a 100 mil,60732,15398.736,12,40,208,46,65.8631364025555,342.4883092932885,75.74260686293881
1505205,Oeiras do Pará,Oeiras do Pará,PA,Pará,TOCANTINS,de 21 mil a 40 mil,33251,3852.291,12,4,395,20,12.02971339207843,1187.934197467745,60.14856696039217
1505304,Oriximiná,Oriximiná,PA,Pará,BAIXO AMAZONAS,de 41 mil a 100 mil,68294,107560.161,12,7,675,125,10.24980232524087,988.3737956482269,183.0321843793013
1505437,Ourilândia do Norte,Ourilândia do Norte,PA,Pará,ALTO XINGU,de 21 mil a 40 mil,32744,14410.567,12,11,215,31,33.59394087466406,656.6088443684339,94.67383337405326
1505403,Ourém,Ourém,PA,Pará,CAETE,Até 20 mil,17842,561.71,12,2,84,11,11.20950566080036,470.7992377536151,61.65228113440197
1505486,Pacajá,Pacajá,PA,Pará,LAGO DE TUCURUI,de 41 mil a 100 mil,47333,11832.323,12,30,162,14,63.38072803329601,342.2559313797984,29.5776730822048
1505494,Palestina do Pará,Palestina do Pará,PA,Pará,CARAJAS,Até 20 mil,6843,984.362,12,3,27,0,43.84042086804033,394.563787812363,0.0
1505502,Paragominas,Paragominas,PA,Pará,CAPIM,de 100 mil a 200 mil,105538,19342.565,12,31,1009,188,29.37330629725786,956.0537436752638,178.1348898027251
1505536,Parauapebas,Parauapebas,PA,Pará,CARAJAS,Acima de 200 mil,266424,6885.865,12,37,2019,680,18.01639491937663,984.1455724709485,323.5444254271387
1505551,Pau D'Arco,Pau D'Arco,PA,Pará,ARAGUAIA,Até 20 mil,6417,1671.418,10,0,37,3,0.0,576.5934237182485,46.75081813931744
1505601,Peixe-Boi,Peixe-Boi,PA,Pará,CAETE,Até 20 mil,8243,450.224,11,4,30,3,48.52602207934004,363.9451655950503,36.39451655950504
1505635,Piçarra,Piçarra,PA,Pará,CARAJAS,Até 20 mil,12723,3312.703,10,2,21,2,15.71956299614871,165.0554114595614,15.71956299614871
1505650,Placas,Placas,PA,Pará,TAPAJOS,de 21 mil a 40 mil,30840,7173.2,12,9,105,6,29.18287937743191,340.4669260700389,19.45525291828794
1505700,Ponta de Pedras,Ponta de Pedras,PA,Pará,MARAJO ORIENTAL,de 21 mil a 40 mil,24606,3363.743,12,1,270,21,4.064049418840932,1097.293343087052,85.3450377956596
1505809,Portel,Portel,PA,Pará,MARAJO OCIDENTAL,de 41 mil a 100 mil,62445,25386.158,12,14,457,58,22.41972936183842,731.8440227400113,92.8817359276163
1505908,Porto de Moz,Porto de Moz,PA,Pará,XINGU,de 21 mil a 40 mil,40597,17422.329,12,9,274,23,22.16912579747272,674.9267187230583,56.65443259354139
1506005,Prainha,Prainha,PA,Pará,BAIXO AMAZONAS,de 21 mil a 40 mil,29564,14788.189,12,4,245,9,13.52996888107157,828.7105939656338,30.44242998241104
1506104,Primavera,Primavera,PA,Pará,CAETE,Até 20 mil,10605,259.331,12,2,45,9,18.85902876001886,424.3281471004243,84.86562942008486
1506112,Quatipuru,Quatipuru,PA,Pará,CAETE,Até 20 mil,13167,302.586,12,2,95,6,15.1894888736994,721.5007215007215,45.5684666210982
1506138,Redenção,Redenção,PA,Pará,ARAGUAIA,de 41 mil a 100 mil,85592,3823.809,12,21,838,181,24.53500327133377,979.0634638751286,211.4683615291149
1506161,Rio Maria,Rio Maria,PA,Pará,ALTO XINGU,Até 20 mil,18158,4114.627,12,10,129,10,55.07214450930719,710.4306641700628,55.07214450930719
1506187,Rondon do Pará,Rondon do Pará,PA,Pará,CARAJAS,de 41 mil a 100 mil,50316,8246.394,12,20,262,26,39.74878766197631,520.7091183718896,51.6734239605692
1506195,Rurópolis,Rurópolis,PA,Pará,TAPAJOS,de 21 mil a 40 mil,33805,7021.321,12,5,159,3,14.79071143321994,470.344623576394,8.874426859931964
1506203,Salinópolis,Salinópolis,PA,Pará,CAETE,de 21 mil a 40 mil,39426,226.12,12,3,774,87,7.609191903819814,1963.171511185512,220.6665652107746
1506302,Salvaterra,Salvaterra,PA,Pará,MARAJO ORIENTAL,de 21 mil a 40 mil,23324,918.563,12,3,300,10,12.86228777225176,1286.228777225176,42.87429257417253
1506351,Santa Bárbara do Pará,Santa Bárbara do Pará,PA,Pará,METROPOLITANA,de 21 mil a 40 mil,21079,278.154,12,3,196,71,14.23217420181223,929.8353811850657,336.8281227762228
1506401,Santa Cruz do Arari,Santa Cruz do Arari,PA,Pará,MARAJO ORIENTAL,Até 20 mil,7151,1076.652,12,0,52,6,0.0,727.1710250314641,83.90434904209202
1506500,Santa Izabel do Pará,Santa Izabel do Pará,PA,Pará,GUAMA,de 41 mil a 100 mil,73019,717.662,12,16,597,270,21.91210506854381,817.5954203700406,369.7667730316767
1506559,Santa Luzia do Pará,Santa Luzia do Pará,PA,Pará,CAETE,Até 20 mil,20154,1346.502,12,7,67,14,34.73255929344051,332.4402103800734,69.46511858688102
1506583,Santa Maria das Barreiras,Santa Maria das Barreiras,PA,Pará,ARAGUAIA,Até 20 mil,20941,10330.214,12,4,63,6,19.10128456138675,300.8452318418414,28.65192684208013
1506609,Santa Maria do Pará,Santa Maria do Pará,PA,Pará,GUAMA,de 21 mil a 40 mil,24624,457.724,12,1,158,25,4.061078622482131,641.6504223521767,101.5269655620533
1506708,Santana do Araguaia,Santana do Araguaia,PA,Pará,ARAGUAIA,de 21 mil a 40 mil,32413,11591.441,12,11,224,27,33.93700058618455,691.0807392095764,83.29991052972574
1506807,Santarém,Santarém,PA,Pará,BAIXO AMAZONAS,Acima de 200 mil,331937,17899.238,12,51,3000,688,15.3643613095256,903.785959383859,207.268246685365
1506906,Santarém Novo,Santarém Novo,PA,Pará,CAETE,Até 20 mil,6307,229.51,12,0,49,4,0.0,776.914539400666,63.42159505311559
1507003,Santo Antônio do Tauá,Santo Antônio do Tauá,PA,Pará,GUAMA,de 21 mil a 40 mil,31574,537.618,12,2,237,48,6.334325711028061,750.6175967568253,152.0238170646735
1507755,Sapucaia,Sapucaia,PA,Pará,ALTO XINGU,Até 20 mil,5864,1298.19,10,0,50,3,0.0,852.6603001364257,51.15961800818554
1507805,Senador José Porfírio,Senador José Porfírio,PA,Pará,XINGU,Até 20 mil,11480,14419.917,12,13,121,4,113.2404181184669,1054.006968641115,34.84320557491289
1507904,Soure,Soure,PA,Pará,MARAJO ORIENTAL,de 21 mil a 40 mil,24204,2857.349,12,1,370,15,4.131548504379442,1528.672946620393,61.97322756569162
1507102,São Caetano de Odivelas,São Caetano de Odivelas,PA,Pará,GUAMA,Até 20 mil,16591,464.166,12,3,107,17,18.08209270086191,644.9279729974082,102.4651919715508
1507151,São Domingos do Araguaia,São Domingos do Araguaia,PA,Pará,CARAJAS,de 21 mil a 40 mil,22841,1392.464,12,6,97,8,26.2685521649665,424.6749266669585,35.02473621995534
1507201,São Domingos do Capim,São Domingos do Capim,PA,Pará,GUAMA,de 21 mil a 40 mil,30655,1686.765,12,14,137,17,45.6695481976839,446.9091502201925,55.45587995433046
1507409,São Francisco do Pará,São Francisco do Pará,PA,Pará,GUAMA,Até 20 mil,15656,479.441,12,4,116,15,25.54931016862545,740.929994890138,95.80991313234543
1507300,São Félix do Xingu,São Félix do Xingu,PA,Pará,ALTO XINGU,de 41 mil a 100 mil,65418,84212.901,12,26,364,67,39.74441285273166,556.4217799382433,102.4182946589624
1507458,São Geraldo do Araguaia,São Geraldo do Araguaia,PA,Pará,CARAJAS,de 21 mil a 40 mil,24250,3168.392,12,10,105,9,41.23711340206186,432.9896907216495,37.11340206185567
1507466,São João da Ponta,São João da Ponta,PA,Pará,GUAMA,Até 20 mil,4422,195.918,12,2,44,7,45.22840343735866,995.0248756218905,158.2994120307553
1507474,São João de Pirabas,São João de Pirabas,PA,Pará,CAETE,de 21 mil a 40 mil,21365,668.058,12,1,173,24,4.68055230517201,809.7355487947577,112.3332553241283
1507508,São João do Araguaia,São João do Araguaia,PA,Pará,CARAJAS,Até 20 mil,12022,1279.889,12,6,59,16,49.90850108135086,490.7669272999501,133.0893362169356
1507607,São Miguel do Guamá,São Miguel do Guamá,PA,Pará,GUAMA,de 41 mil a 100 mil,52895,1094.565,12,11,405,83,20.79591643822667,765.6678324983458,156.9146422157104
1507706,São Sebastião da Boa Vista,São Sebastião da Boa Vista,PA,Pará,MARAJO OCIDENTAL,de 21 mil a 40 mil,25404,1632.251,12,5,217,7,19.68193985199181,854.1961895764446,27.55471579278854
1507953,Tailândia,Tailândia,PA,Pará,LAGO DE TUCURUI,de 41 mil a 100 mil,77282,4430.477,12,20,564,121,25.87924743148469,729.7947775678683,156.5694469604824
1507961,Terra Alta,Terra Alta,PA,Pará,GUAMA,Até 20 mil,10603,204.97,12,1,64,11,9.431293030274452,603.6027539375649,103.744223333019
1507979,Terra Santa,Terra Santa,PA,Pará,BAIXO AMAZONAS,Até 20 mil,18067,1895.884,12,0,181,11,0.0,1001.826534565783,60.8844855260973
1508001,Tomé-Açu,Tomé-Açu,PA,Pará,GUAMA,de 41 mil a 100 mil,70142,5145.361,12,31,614,194,44.19605942231473,875.3671124290724,276.581791223518
1508035,Tracuateua,Tracuateua,PA,Pará,CAETE,de 21 mil a 40 mil,31026,868.025,12,4,135,34,12.89241281505834,435.118932508219,109.5855089279959
1508050,Trairão,Trairão,PA,Pará,TAPAJOS,Até 20 mil,20900,11991.085,12,6,97,1,28.70813397129187,464.1148325358851,4.784688995215311
1508084,Tucumã,Tucumã,PA,Pará,ALTO XINGU,de 21 mil a 40 mil,39544,2512.594,12,20,236,54,50.57657293141817,596.8035605907344,136.5567469148291
1508100,Tucuruí,Tucuruí,PA,Pará,LAGO DE TUCURUI,de 41 mil a 100 mil,91302,2084.287,12,27,908,163,29.57218899914569,994.5017633786773,178.5284002541018
1508126,Ulianópolis,Ulianópolis,PA,Pará,CAPIM,de 41 mil a 100 mil,48016,5088.468,12,8,141,34,16.66111296234589,293.6521159613462,70.80973008997
1508159,Uruará,Uruará,PA,Pará,XINGU,de 41 mil a 100 mil,43787,10791.4,12,30,275,47,68.51348573777605,628.0402859296138,107.3377943225158
1508209,Vigia,Vigia,PA,Pará,GUAMA,de 41 mil a 100 mil,50835,401.589,12,5,367,56,9.83574309039048,721.9435428346611,110.1603226123734
1508308,Viseu,Viseu,PA,Pará,CAETE,de 41 mil a 100 mil,54340,4972.936,12,5,262,44,9.201324990798675,482.1494295178506,80.97165991902834
1508357,Vitória do Xingu,Vitória do Xingu,PA,Pará,XINGU,Até 20 mil,15257,3089.537,12,3,145,10,19.66310545978895,950.383430556466,65.54368486596316
1508407,Xinguara,Xinguara,PA,Pará,ALTO XINGU,de 41 mil a 100 mil,52893,3779.348,12,13,304,64,24.57792146408788,574.745240390978,120.998997977048
1500347,Água Azul do Norte,Água Azul do Norte,PA,Pará,ALTO XINGU,Até 20 mil,18062,7113.956,12,6,98,15,33.21891263425977,542.575573026243,83.04728158564943
1505106,Óbidos,Óbidos,PA,Pará,BAIXO AMAZONAS,de 41 mil a 100 mil,52229,28009.65,12,9,360,17,17.23180608474219,689.2722433896877,32.54896704895748
